{"placements":[{"x":1739.4604937374615,"y":1172.2190332115076},{"x":1255.9574561391819,"y":1566.4430204674334}]}