{"placements":[{"x":1740.642203060598,"y":1172.3189308758137},{"x":1266.7601925803588,"y":1567.0}],"volumes":[10.0,10.0]}