{"placements":[{"x":1264.0,"y":3223.353432902337},{"x":1264.0,"y":2486.220702471594},{"x":1264.0,"y":3248.9694425309845}]}