{"placements":[{"x":1264.0,"y":3241.7697767553313},{"x":1264.0,"y":2486.94222654742},{"x":1264.0,"y":3216.580542251009}],"volumes":[10.0,10.0,10.0]}