{"placements":[{"x":1264.0,"y":2571.2248845750337},{"x":1264.0,"y":2458.7001997836537},{"x":1203.906454763003,"y":2460.3119534162656}]}