{"placements":[{"x":1738.2640633327394,"y":1172.0},{"x":1749.2110031887896,"y":1172.3134835111666}]}