{"placements":[{"x":1264.0,"y":3245.181704669489},{"x":1264.0,"y":2485.6040824743695},{"x":1264.0,"y":3220.441661091978}]}