{"placements":[{"x":1736.4741664090209,"y":1172.0},{"x":1745.784567386385,"y":1176.0310460016399}]}